"rgn_id","value"
2,0.55687483917468
9,0.55687483917468
6,0.55687483917468
1,0.55687483917468
4,0.55687483917468
8,0.55687483917468
5,0.55687483917468
7,0.55687483917468
10,0.55687483917468
3,0.55687483917468
