"rgn_id","pressure_score"
2,0.839148
9,0.839148
6,0.839148
1,0.839148
4,0.839148
8,0.839148
5,0.839148
7,0.839148
10,0.839148
3,0.839148
