"rgn_id","pressure_score"
2,0.161416396018221
9,0.161416396018221
6,0.161416396018221
1,0.161416396018221
4,0.161416396018221
8,0.161416396018221
5,0.161416396018221
7,0.161416396018221
10,0.161416396018221
3,0.161416396018221
