"rgn_id","pressure_score"
2,0.89145481799135
9,0.89145481799135
6,0.89145481799135
1,0.89145481799135
4,0.89145481799135
8,0.89145481799135
5,0.89145481799135
7,0.89145481799135
10,0.89145481799135
3,0.89145481799135
