"rgn_id","habitat","km2"
2,"seagrass",99.9252940794531
9,"seagrass",18.3775972079283
6,"seagrass",57.2466344980318
1,"seagrass",7.17609693834034
4,"seagrass",61.4137792012903
8,"seagrass",83.4518982889389
5,"seagrass",107.928264797505
7,"seagrass",18.4193008626067
10,"seagrass",32.0264784216868
3,"seagrass",23.1396557042186
