"rgn_id","trend.score"
2,-0.00714787126658208
9,-0.00714787126658208
6,-0.00714787126658208
1,-0.00714787126658208
4,-0.00714787126658208
8,-0.00714787126658208
5,-0.00714787126658208
7,-0.00714787126658208
10,-0.00714787126658208
3,-0.00714787126658208
