"rgn_id","trend"
2,0.13425692875753
9,0.13425692875753
6,0.13425692875753
1,0.13425692875753
4,0.13425692875753
8,0.13425692875753
5,0.13425692875753
7,0.13425692875753
10,0.13425692875753
3,0.13425692875753
