"rgn_id","resilience.score"
2,0.693821491913838
9,0.693821491913838
6,0.693821491913838
1,0.693821491913838
4,0.693821491913838
8,0.693821491913838
5,0.693821491913838
7,0.693821491913838
10,0.693821491913838
3,0.693821491913838
