"rgn_id","resilience.score"
2,0.739470376160224
9,0.739470376160224
6,0.739470376160224
1,0.739470376160224
4,0.739470376160224
8,0.739470376160224
5,0.739470376160224
7,0.739470376160224
10,0.739470376160224
3,0.739470376160224
