"rgn_id","resilience.score"
2,0.761382522149136
9,0.761382522149136
6,0.761382522149136
1,0.761382522149136
4,0.761382522149136
8,0.761382522149136
5,0.761382522149136
7,0.761382522149136
10,0.761382522149136
3,0.761382522149136
