"rgn_id","pressure_score"
2,0.053305435231384
9,0.053305435231384
6,0.053305435231384
1,0.053305435231384
4,0.053305435231384
8,0.053305435231384
5,0.053305435231384
7,0.053305435231384
10,0.053305435231384
3,0.053305435231384
