"rgn_id","pressure_score"
2,0.0723323905385572
9,0.0723323905385572
6,0.0723323905385572
1,0.0723323905385572
4,0.0723323905385572
8,0.0723323905385572
5,0.0723323905385572
7,0.0723323905385572
10,0.0723323905385572
3,0.0723323905385572
