"rgn_id","score"
2,0.0016023501134998
9,0.0016023501134998
6,0.0016023501134998
1,0.0016023501134998
4,0.0016023501134998
8,0.0016023501134998
5,0.0016023501134998
7,0.0016023501134998
10,0.0016023501134998
3,0.0016023501134998
