"rgn_id","w_fis"
2,0.802654295868625
9,0.802654295868625
6,0.802654295868625
1,0.802654295868625
4,0.802654295868625
8,0.802654295868625
5,0.802654295868625
7,0.802654295868625
10,0.802654295868625
3,0.802654295868625
