"rgn_id","habitat","trend"
2,"soft_bottom",0.0100957741874265
9,"soft_bottom",0.0100957741874265
6,"soft_bottom",0.0100957741874265
1,"soft_bottom",0.0100957741874265
4,"soft_bottom",0.0100957741874265
8,"soft_bottom",0.0100957741874265
5,"soft_bottom",0.0100957741874265
7,"soft_bottom",0.0100957741874265
10,"soft_bottom",0.0100957741874265
3,"soft_bottom",0.0100957741874265
