"rgn_id","resilience.score"
2,0.727272727272727
9,0.727272727272727
6,0.727272727272727
1,0.727272727272727
4,0.727272727272727
8,0.727272727272727
5,0.727272727272727
7,0.727272727272727
10,0.727272727272727
3,0.727272727272727
