"rgn_id","pressure_score"
1,0.000659438156865991
2,0.028715329442854
3,0.00502411575662385
4,0.0326442048006511
5,0.00844646895922177
6,0.0472795463136553
7,0.0134528377716488
8,0.0158116380449706
9,0.00385042365470334
10,0.00660199709880534
