"rgn_id","pressures.score"
2,0.099503517
9,0.099503517
6,0.099503517
1,0.099503517
4,0.099503517
8,0.099503517
5,0.099503517
7,0.099503517
10,0.099503517
3,0.099503517
