"rgn_id","score"
2,0.652857142857143
9,0.652857142857143
6,0.652857142857143
1,0.652857142857143
4,0.652857142857143
8,0.652857142857143
5,0.652857142857143
7,0.652857142857143
10,0.652857142857143
3,0.652857142857143
