"rgn_id","resilience.score"
2,0.54545454545
9,0.54545454545
6,0.54545454545
1,0.54545454545
4,0.54545454545
8,0.54545454545
5,0.54545454545
7,0.54545454545
10,0.54545454545
3,0.54545454545
