"rgn_id","pressure_score"
2,0.13365767586179
9,0.13365767586179
6,0.13365767586179
1,0.13365767586179
4,0.13365767586179
8,0.13365767586179
5,0.13365767586179
7,0.13365767586179
10,0.13365767586179
3,0.13365767586179
