"rgn_id","pressure_score"
2,0.333417555786621
9,0.333417555786621
6,0.333417555786621
1,0.333417555786621
4,0.333417555786621
8,0.333417555786621
5,0.333417555786621
7,0.333417555786621
10,0.333417555786621
3,0.333417555786621
