"rgn_id","pressure_score"
2,0.172195
9,0.172195
6,0.172195
1,0.172195
4,0.172195
8,0.172195
5,0.172195
7,0.172195
10,0.172195
3,0.172195
