"rgn_id","pressure_score"
2,0.0124059
9,0.0124059
6,0.0124059
1,0.0124059
4,0.0124059
8,0.0124059
5,0.0124059
7,0.0124059
10,0.0124059
3,0.0124059
