"rgn_id","pressures.score"
2,0.0611479521418037
9,0.0611479521418037
6,0.0611479521418037
1,0.0611479521418037
4,0.0611479521418037
8,0.0611479521418037
5,0.0611479521418037
7,0.0611479521418037
10,0.0611479521418037
3,0.0611479521418037
