"rgn_id","score"
2,0.798404956399504
9,0.798404956399504
6,0.798404956399504
1,0.798404956399504
4,0.798404956399504
8,0.798404956399504
5,0.798404956399504
7,0.798404956399504
10,0.798404956399504
3,0.798404956399504
