"rgn_id","score"
2,0.808155631510581
9,0.808155631510581
6,0.808155631510581
1,0.808155631510581
4,0.808155631510581
8,0.808155631510581
5,0.808155631510581
7,0.808155631510581
10,0.808155631510581
3,0.808155631510581
