"rgn_id","score"
2,-0.183227956867816
9,-0.183227956867816
6,-0.183227956867816
1,-0.183227956867816
4,-0.183227956867816
8,-0.183227956867816
5,-0.183227956867816
7,-0.183227956867816
10,-0.183227956867816
3,-0.183227956867816
