"rgn_id","score"
2,0.3276290211983
9,0.3276290211983
6,0.3276290211983
1,0.3276290211983
4,0.3276290211983
8,0.3276290211983
5,0.3276290211983
7,0.3276290211983
10,0.3276290211983
3,0.3276290211983
