"rgn_id","resilience.score"
2,0.722222222222167
9,0.722222222222167
6,0.722222222222167
1,0.722222222222167
4,0.722222222222167
8,0.722222222222167
5,0.722222222222167
7,0.722222222222167
10,0.722222222222167
3,0.722222222222167
