"rgn_id","score"
2,0.6723709788017
9,0.6723709788017
6,0.6723709788017
1,0.6723709788017
4,0.6723709788017
8,0.6723709788017
5,0.6723709788017
7,0.6723709788017
10,0.6723709788017
3,0.6723709788017
